{
    "pages": [
        {
            "id": "index",
            "title": "Welcome to the Home Page",
            "content": "This is the home page content.",
            "details": {
                "author": "Yamunasri",
                "date": "2024-06-08"
            }
        },
        {
            "id": "about",
            "title": "About Us",
            "content": "This is the about page content.",
            "details": {
                "author": "Yamunasri",
                "date": "2024-06-08"
            }
        },
        {
            "id": "contact",
            "title": "Contact Us",
            "content": "This is the contact page content.",
            "details": {
                "author": "Yamunasri",
                "date": "2024-06-08"
            }
        }
    ]
}
